"Bucket","Area","ID","ItemType","Title","Priority","Milestone","Status","XBrowser_Current","XBrowser_Task","Suggested_Files","DependsOn","Done_Criteria","Test_Steps","SourceCsv"
"developed","Accessibility","INT-033","Interaction","侧栏键盘导航：上下选择 tab、Enter 激活、Delete 关闭","P3","M3","done","当前 ListView 默认焦点/按键行为不足。","为 tab ListView 增加 Keys 处理与 currentIndex 跟随；Delete 调用 close-tab；Enter 激活。","ui/qml/BrowserWindow.qml","","不使用鼠标也能完成 tab 选择/关闭。","聚焦侧栏 -> ↑↓ -> Enter 激活；Delete 关闭","zen_browser_interaction_plan.csv"
"developed","Build/Packaging","ZEN-001","Feature","纳入 Zen 源码目录","P3","M4","done","已记录","已记录：Zen 通过 moz.build 集成到构建（非纯 runtime 注入）；XBrowser 等价为 CMake + QRC/QML。","docs/ZEN_BUILD_NOTES.md","","确认 Zen 是通过 moz.build 集成而非仅 runtime 注入","打开 docs/ZEN_BUILD_NOTES.md 并检查 ZEN-001 小节","zen_browser_feature_impl_plan.csv"
"developed","Build/Packaging","ZEN-002","Feature","打包 Zen 资源到 browser.jar","P3","M4","done","已记录","已记录：Zen 通过 jar manifest 将资源映射到 chrome://browser/...；XBrowser 等价为 QRC + QML 资源组织。","docs/ZEN_BUILD_NOTES.md","","列清 Zen 的资源入口与加载点即可","打开 docs/ZEN_BUILD_NOTES.md 并检查 ZEN-002 小节","zen_browser_feature_impl_plan.csv"
"developed","Build/Startup","ZEN-003","Feature","组件与 WindowActor 注册","P2","M3","done","部分实现","(可选)XBrowser 若需要 content 注入/拦截，需设计 WebView2 的消息/脚本注入机制","src/engine/webview2/WebView2View.*","","能在内容页范围内注入脚本并与宿主双向通信","","zen_browser_feature_impl_plan.csv"
"developed","CompactMode","INT-003","Interaction","紧凑模式 hover 展开：加入延迟/滞回，避免抖动","P1","M1","done","当前用两个 6px MouseArea 即时切换 compactTopHover/compactSidebarHover，容易抖动。","引入 hover 进入/离开定时器与滞回；鼠标从边缘进入到真实区域时不闪烁；离开后稍延迟收起。","ui/qml/BrowserWindow.qml","INT-001","compact 模式下 hover 展开稳定，不因快速划过边缘闪烁。","开启 compactMode -> 快速划过窗口顶边/左边 20 次 -> UI 不闪","zen_browser_interaction_plan.csv"
"developed","CompactMode","ZEN-140","Feature","紧凑模式(隐藏/悬停显示)","P2","M3","done","已实现(基础)","在 XBrowser：实现 CompactMode：自动隐藏地址栏/侧栏并悬停显示（可先做手动切换）","ui/qml/BrowserWindow.qml; (建议新增) src/core/LayoutController.*","ZEN-031","可切换紧凑模式且基本可用，不影响导航/输入","","zen_browser_feature_impl_plan.csv"
"developed","Core","ZEN-030","Feature","全局预加载脚本注入","MVP","M1","done","已实现(基础)","在 XBrowser：用单例 Controller/Service 注入 QML context（如 BrowserController + WorkspaceController）","src/core/BrowserController.*; (建议新增) src/core/WorkspaceController.*","ZEN-021","QML 层可访问统一的 controller/service，对应 Zen 的 gZen*","","zen_browser_feature_impl_plan.csv"
"developed","Core/Polyfill","ZEN-220","Feature",":has 选择器观察与属性桥","P2","M3","done","未实现","在 XBrowser：用 QML States/Bindings/Connections 实现等价的状态派生与样式切换","ui/qml/components/*","ZEN-140","UI 状态派生清晰（popup open/hover/focus）且不靠到处写 if","","zen_browser_feature_impl_plan.csv"
"developed","Core/Tabs","INT-010","Interaction","真正的“切换 tab 不重载”：为每个 tab 维护独立 WebView2 实例（或池化）","P0","M2","done","当前切换 tab 会 navigate 到 url，页面状态丢失且切换慢。","引入 TabWebContents/TabViewPool：每个 tab 绑定一个 WebView2 controller；active 时显示，inactive 时隐藏/冻结；为多 tab 做基础。","src/engine/webview2/*; src/core/TabModel.*; ui/qml/BrowserWindow.qml","","切换 tab 不触发 reload；页面滚动位置/表单状态保留（至少在同一进程生命周期内）。","打开页面滚动到中间 -> 切到其他 tab -> 切回：滚动位置仍在","zen_browser_interaction_plan.csv"
"developed","Core/Tabs","INT-011","Interaction","TabModel 扩展：记录 favicon/音频/加载/最后激活时间等状态","P1","M2","done","TabModel 仅存 url/title/essential/groupId；UI 难以做细节。","为 TabModel 增加可选 state role（faviconUrl、isLoading、isAudioPlaying、isMuted、lastActivatedMs 等），先从 active tab 回填。","src/core/TabModel.*; src/engine/webview2/WebView2View.*","INT-010","QML 可直接绑定这些状态；状态更新不会卡 UI。","播放音频 -> TabModel 对应条目 isAudioPlaying=true","zen_browser_interaction_plan.csv"
"developed","Core/UI","ZEN-031","Feature","UI 总控与垂直标签管理器","MVP","M1","done","已实现(基础)","在 XBrowser：拆分 SidebarController + LayoutController，避免单文件过大但保留统一入口","(建议新增) src/core/LayoutController.*; ui/qml/components/Sidebar.qml","ZEN-011","侧边栏与地址栏布局状态切换可控，且逻辑不散落在多个无关组件","","zen_browser_feature_impl_plan.csv"
"developed","Core/UI","ZEN-032","Feature","Toast 系统","P1","M2","done","已实现(基础)","在 XBrowser：实现 ToastHost + API（showToast(text,action,timeout)）","ui/qml/components/ToastHost.qml; (建议新增) src/core/ToastController.*","ZEN-015","toast 支持可选按钮动作与超时消失","","zen_browser_feature_impl_plan.csv"
"developed","Data","NEXT-V4-002","Interaction","书签(Bookmarks)基础能力(增删查)","P0","M5","done","暂无书签数据层与UI。","新增 BookmarkStore(+JSON/SQLite) 与 BookmarksPanel：支持添加/删除/搜索/打开；地址栏提供“⭐”按钮。","src/core/BookmarksStore.* (new); ui/qml/components/BookmarksPanel.qml (new); ui/qml/BrowserWindow.qml","NEXT-V4-001","可收藏当前页并在书签面板中搜索/打开/删除。","收藏当前页 -> 关闭/重启 -> 书签仍在 -> 搜索并打开","zen_browser_next_plan_v4.csv"
"developed","Data","NEXT-V4-003","Interaction","历史(History)记录+查看+清理","P0","M5","done","暂无历史数据层与UI；仅在无历史时 toast “No history”。","监听导航提交事件写入 HistoryStore；提供 HistoryPanel/HistoryPage；支持按天分组与清理。","src/core/HistoryStore.* (new); src/engine/webview2/WebView2View.*; ui/qml/components/HistoryPanel.qml (new)","NEXT-V4-001","能看到历史列表(含title/url/time)并可清理指定时间范围。","访问3个站点 -> 打开历史面板 -> 显示3条 -> 清理今天 -> 列表为空","zen_browser_next_plan_v4.csv"
"developed","DnD","ZEN-150","Feature","Tab/Workspace 拖拽行为","P2","M3","done","部分实现","在 XBrowser：实现 tab 拖拽重排、拖拽到工作区切换/移动（先做重排）","ui/qml/components/TabList.qml; src/core/TabModel.*","ZEN-050","支持拖拽重排 tab，且不破坏激活状态","","zen_browser_feature_impl_plan.csv"
"developed","DnD","ZEN-151","Feature","拖拽原生服务","P4","M5","done","已记录(不做原生服务)","已记录：XBrowser 当前用 QML 完成应用内拖拽(排序/分屏)，不做 OS 级拖拽服务；需要时再补 Windows-native bridge。","docs/ZEN_COMPAT.md; ui/qml/BrowserWindow.qml","ZEN-150","明确哪些拖拽能力由 QML 自带，哪些需要原生层补足","打开 docs/ZEN_COMPAT.md 的 ZEN-151 小节","zen_browser_feature_impl_plan.csv"
"developed","Downloads","INT-025","Interaction","下载入口：工具栏图标 + badge + 非模态面板","P2","M2","done","当前用菜单打开 DownloadsDialog（模态）。","在工具栏增加下载按钮；显示 activeCount badge；点击打开非模态 panel（可复用 DownloadsDialog 内容）。","ui/qml/BrowserWindow.qml; ui/qml/components/DownloadsDialog.qml; src/core/DownloadModel.*","","下载状态可快速可见；无需模态 Dialog 也能查看/打开文件。","触发下载 -> 图标出现 badge -> 点击打开面板 -> 可 Open/Folder","zen_browser_interaction_plan.csv"
"developed","Downloads","INT-026","Interaction","下载完成 Toast：提供“打开文件/打开文件夹”动作按钮","P2","M2","done","当前 toast 仅显示文案，无 action。","在 downloadFinished 时调用 toast.showToast(message, actionLabel, actionCommand)；新增命令 open-download-file/open-download-folder。","ui/qml/BrowserWindow.qml; src/app/main.cpp; src/core/ToastController.*; src/core/DownloadModel.*","","下载完成 toast 可点击动作直接打开。","完成下载 -> toast 显示 Open -> 点击 -> 文件打开","zen_browser_interaction_plan.csv"
"developed","Downloads","ZEN-110","Feature","下载动画组件","P3","M4","done","部分实现","在 XBrowser：可选实现下载进度动效（先做下载列表，再做动效）","ui/qml/components/Downloads/* (待建)","","下载开始/完成/失败有可见反馈","","zen_browser_feature_impl_plan.csv"
"developed","DX","INT-V2-005","Interaction","提供多种“打开浏览器”方式并保持一致","P1","M1","done","此前运行方式分散且遇到缺依赖难定位。","补充脚本与文档：run/deploy 脚本优先使用已部署运行时，并提供 VS/CMake/脚本多入口。","scripts/run.ps1; scripts/run.cmd; scripts/deploy.ps1; scripts/deploy.cmd; README.md","","至少提供 3 种可复现的启动方式，并在 README 给出推荐流程。","按 README 的 3 种方式分别启动一次","zen_browser_interaction_plan_v2.csv"
"developed","DX/Running","INT-V3-005","Interaction","整理并固化“打开浏览器”的多入口方式 + Qt 运行时缺失的一劳永逸方案","P0","M4","done","已有 dev/run/deploy 脚本与文档，但部署判定可更稳且 deploy 可更强制。","run.ps1 部署判定更严格(qwindows + qml)；deploy.ps1 默认加 --force/--no-translations；CMake POST_BUILD windeployqt 加 --force；更新 docs/RUNNING.md。","scripts/run.ps1; scripts/deploy.ps1; src/CMakeLists.txt; docs/RUNNING.md","","未设置 PATH 也能通过已部署输出目录直接运行；run.cmd 可自动修复缺 DLL/插件；文档列出的方式可复现。","删除 build\\Debug\\platforms 后运行 scripts\\run.cmd -> 自动 deploy 并能启动","zen_browser_interaction_plan_v3.csv"
"developed","Emoji","ZEN-130","Feature","Emoji Picker 面板","P4","M5","done","已实现(基础)","在 XBrowser：可选实现 emoji 选择器（系统面板或内置）","ui/qml/components/EmojiPicker.qml (待建)","","可从 UI 打开 emoji 选择并插入到输入框","","zen_browser_feature_impl_plan.csv"
"developed","Essentials","INT-015","Interaction","Essentials 区在侧栏收起时切换为“仅图标”并提供 tooltip","P3","M3","done","当前 Essentials 仍显示文本，侧栏窄时拥挤。","当 sidebarWidth 小于阈值时：Essentials/Tab 项改为图标优先；title 通过 tooltip 展示。","ui/qml/BrowserWindow.qml; src/core/AppSettings.*","","侧栏窄态时信息仍可读（tooltip）；视觉更像 Zen。","把侧栏拖到很窄 -> tab 文本自动隐藏 -> hover 仍能看到完整标题","zen_browser_interaction_plan.csv"
"developed","Extensions","INT-V3-003","Interaction","扩展入口更深：工具栏图标右键/更多动作/弹窗更接近浏览器扩展体验","P1","M4","done","已具备扩展面板/弹窗与 pinned 图标点击打开 popup。","Pinned 扩展图标支持右键菜单：Open/Options/Pin/Unpin/Enable/Disable/Remove/Manage；disabled 仍显示(淡化)以便快速启用。","ui/qml/BrowserWindow.qml; ui/qml/components/ContextMenu.qml","","右键扩展图标可完成常用动作；popup/菜单不被 WebView2 遮挡；Options/Manage 打开正确。","安装 unpacked extension -> pin -> 右键图标 -> Disable/Enable/Options/Manage 均可用","zen_browser_interaction_plan_v3.csv"
"developed","Extensions","NEXT-V4-009","Interaction","扩展管理页(权限/详情/更新提示)","P1","M6","done","已有扩展列表/启用禁用/固定/弹窗入口，但缺少“详情页/权限信息/更新提示”。","扩展管理页增加详情抽屉：permissions/host permissions(可先展示元信息)；支持检查更新(若WebView2支持)。","ui/qml/components/ExtensionsDialog.qml; src/engine/webview2/BrowserExtensionsModel.*","","扩展列表可打开详情视图并展示至少：id/name/version/enabled/pinned。","安装扩展->打开详情->信息完整；禁用/启用可即时反映","zen_browser_next_plan_v4.csv"
"developed","Folders","ZEN-060","Feature","Tab Folder/Group 管理","P2","M3","done","部分实现","在 XBrowser：实现 TabGroup/Folder 模型（嵌套层级可先做 1 层）+ 折叠/展开","(建议新增) src/core/TabGroupModel.*; ui/qml/components/TabGroupItem.qml","ZEN-050","可把若干 tab 归为组并折叠/展开","","zen_browser_feature_impl_plan.csv"
"developed","Folders","ZEN-061","Feature","Folder Tabs Popup 与搜索","P3","M4","done","未实现","在 XBrowser：实现组内搜索弹窗（或在组内内联搜索）","ui/qml/components/FolderTabsPopup.qml (待建)","ZEN-060","对组内 tabs 进行即时过滤搜索","","zen_browser_feature_impl_plan.csv"
"developed","Glance","INT-029","Interaction","Glance：增加“在新标签打开/固定到分屏”动作与更完整的 header","P2","M2","done","当前 Alt+点击链接会打开 overlay 预览，但 header 仅返回/关闭。","为 glance overlay header 增加按钮：Open in Tab / Open in Split；并显示目标 URL；支持 ESC 关闭。","ui/qml/BrowserWindow.qml; ui/qml/components/OverlayHost.qml; src/app/main.cpp（commands）","INT-028","glance 预览后可一键转为 tab 或分屏；关闭路径统一。","Alt+点链接 -> 预览 -> 点 Open in Tab -> 新 tab 打开该链接","zen_browser_interaction_plan.csv"
"developed","Glance","ZEN-080","Feature","快速预览(Glance)总控","P3","M4","done","已实现(基础)","在 XBrowser：可选实现 Preview Overlay（在同一 tab 内临时打开链接）","ui/qml/components/PreviewOverlay.qml (待建)","ZEN-070","可从链接触发预览并一键转为新 tab/分屏","","zen_browser_feature_impl_plan.csv"
"developed","Glance","ZEN-081","Feature","内容页 Actor 注入","P3","M4","done","已实现(基础)","在 XBrowser：若做 Glance，需要 WebView2 注入脚本捕捉点击并回传 URL","src/engine/webview2/WebView2View.*","ZEN-080","能在页面内捕捉链接点击并按规则触发预览","","zen_browser_feature_impl_plan.csv"
"developed","Input/Commands","ZEN-017","Feature","命令与 Keyset 桥接","MVP","M1","done","已实现(基础)","在 XBrowser：建立 CommandBus（enum/strings）+ Shortcut 映射层，统一触发业务动作","src/core/*Command* (待建); ui/qml/components/Shortcuts.qml","ZEN-010","快捷键与按钮都走同一套命令入口，便于复刻 Zen 行为","","zen_browser_feature_impl_plan.csv"
"developed","Keyboard","INT-032","Interaction","补齐高频快捷键（Ctrl+Tab/Shift+Ctrl+Tab/Ctrl+Shift+T/Ctrl+R 等）","P1","M2","done","当前快捷键较少（Ctrl+L/T/W/B 等）。","新增快捷键映射到 commands，并实现对应行为（切换 tab、恢复关闭 tab、刷新、主页等）。","ui/qml/components/Shortcuts.qml; src/app/main.cpp; src/core/*","INT-010","常用快捷键可用且不冲突；切换 tab 快速且保留状态（依赖 INT-010）。","Ctrl+Tab 循环切换 5 个 tab：状态保持且不卡","zen_browser_interaction_plan.csv"
"developed","Layering","INT-035","Interaction","WebView2 HWND 上层弹出菜单不被遮挡","P0","M1","done","QML Overlay/Popup 在 WebView2 HWND 上会被遮挡（sidetabs 右键/页面右键/权限提示）。","PopupManager 改为顶层 Window(Qt.Popup) 并保持 on-top；Web 右键与权限提示统一走 PopupManager。","ui/qml/components/PopupManager.qml; ui/qml/BrowserWindow.qml","","任意弹出菜单在网页区域也可见且可点击。","右键网页与侧栏 tab：菜单不被盖住","zen_browser_interaction_plan.csv"
"developed","Layering","INT-036","Interaction","QtQuick.Controls Popup/Dialog 在 WebView2 上层显示","P0","M1","done","omnibox 下拉/emoji picker/Dialogs 可能被 WebView2 盖住。","为 QtQuick.Controls 的 Popup/Dialog 统一设置 popupType=Popup.Window。","ui/qml/BrowserWindow.qml; ui/qml/components/*.qml","INT-035","常用下拉与对话框在网页区域也可见。","打开 Themes/Downloads/Onboarding/EmojiPicker：弹窗不被盖住","zen_browser_interaction_plan.csv"
"developed","Layering","INT-V2-002","Interaction","WebView2 HWND 上方弹出层不被遮挡（侧边栏右键/网页右键/权限提示/Overlay/Toast）","P0","M1","done","WebView2(HWND) 会压在 QtQuick.Popup/Popup 之上，导致菜单被盖住。","将关键弹出层改为顶层 Window 承载（PopupManager/OverlayHost/ToastHost），并统一右键菜单实现。","ui/qml/components/PopupManager.qml; ui/qml/components/OverlayHost.qml; ui/qml/components/ToastHost.qml; ui/qml/components/ContextMenu.qml; ui/qml/BrowserWindow.qml","","在网页区域与侧边栏区域右键菜单均可见且可点击；Overlay/Toast 不被遮挡。","打开任意网页 -> 右键；侧边栏 tab 右键；触发 toast/overlay","zen_browser_interaction_plan_v2.csv"
"developed","Layering","INT-037","Interaction","Toast/Overlay 在 WebView2 上层显示","P1","M2","done","ToastHost/OverlayHost 已改为顶层 Window，不再被 WebView2 HWND 遮挡。","保持 ToastHost/OverlayHost 走独立 Window（toast 使用 WindowDoesNotAcceptFocus，overlay 负责焦点/ESC 关闭）。","ui/qml/components/ToastHost.qml; ui/qml/components/OverlayHost.qml","INT-035","toast/overlay 在网页区域也可见且可交互（若含按钮）。","触发 toast/打开 glance overlay：总能显示在页面之上","zen_browser_interaction_plan.csv"
"developed","Layering/Popups","INT-V3-001","Interaction","侧栏(Tab/Group)右键菜单/更多菜单不被裁剪且靠近边缘自动翻转","P0","M4","done","PopupManager 已使用顶层 Window，但边缘/约束场景仍可能出现菜单看似“被盖住”。","增强 PopupManager：上下/左右翻转 + maxHeight 注入；修复 ContextMenu bool 绑定警告。","ui/qml/components/PopupManager.qml; ui/qml/components/ContextMenu.qml","","侧栏底部右键菜单完整可见；过高时可滚动；日志不再出现 ContextMenu undefined->bool。","缩小窗口高度 -> 右键最底部 tab/group -> 菜单自动翻转或出现滚动条，最后一项可点击","zen_browser_interaction_plan_v3.csv"
"developed","Media","ZEN-120","Feature","侧边栏媒体控制","P3","M4","done","已实现(基础)","在 XBrowser：可选实现媒体控制（依赖 WebView2/MediaSession API 能力）","ui/qml/components/MediaControls.qml (待建)","","播放媒体时出现控制条并可控制","","zen_browser_feature_impl_plan.csv"
"developed","Menubar","ZEN-210","Feature","菜单栏与窗口 scheme","P3","M4","done","部分实现","在 XBrowser：Windows-only 可简化，但需定义窗口主题/标题栏按钮策略","ui/qml/BrowserWindow.qml","","窗口/标题栏控件布局策略明确并可配置","","zen_browser_feature_impl_plan.csv"
"developed","Menus","INT-022","Interaction","Web 内容区右键菜单（页面/链接/图片）","P1","M2","done","当前 WebView2 右键菜单未接入（或缺失），用户操作路径长。","通过 WebView2 的 context menu 事件（或禁用默认并自绘）：实现最小菜单集（后退/前进/刷新/在新标签打开/复制链接等）。","src/engine/webview2/WebView2View.*; ui/qml/BrowserWindow.qml; (new) ui/qml/components/ContextMenu.qml","","右键在页面空白处/链接处能弹出对应菜单并可用。","右键链接 -> 复制链接地址 -> 剪贴板内容正确","zen_browser_interaction_plan.csv"
"developed","Meta","META-001","Feature","Snapshot","META","META","done","已实现(基础)","作为后续复刻 Zen 交互与布局的对照基线","reference/logs/zen_browser_feature_layout.csv","","CSV 中每行均可追溯到 Zen 源码路径","","zen_browser_feature_impl_plan.csv"
"developed","Meta","META-INT-001","Interaction","本 CSV 用于追踪「交互/动效/手感」差距并拆解可实现的迭代任务；每行尽量对应一个可验收的交互点。","META","META","done","已有竖直标签栏/工作区/分屏/Glance/Toast 等骨架，但交互细节与动效缺失较多。","把“看得见/摸得着”的交互差距拆成可逐步完成的小任务，并在实现后将 Status 从 todo 改为 done。","reference/logs/zen_browser_interaction_plan.csv","","团队对齐：后续交互优化均落到本表，并能用 Done_Criteria 验收。","打开 CSV -> 任选 3 行 -> 评审是否可实现/可验收","zen_browser_interaction_plan.csv"
"developed","Meta","META-INT-V2-001","Interaction","本CSV用于追踪「打不开/系统错误/层级遮挡/运行方式」等稳定性与开发体验问题，优先把应用做到“随时可运行、问题可定位”。","META","M0","done","此前存在：QML语法错误导致无法启动；WebView2/Qt运行时缺失时提示不清；WebView2 HWND 会遮挡 QML Popup。","建立稳定性/层级/部署/运行的闭环，并用可验收的 Done_Criteria 标记完成。","reference/logs/zen_browser_interaction_plan_v2.csv","","团队对齐：后续稳定性问题都落到本表并可验收。","打开CSV检查字段齐全且任务可落地","zen_browser_interaction_plan_v2.csv"
"developed","Meta","META-INT-V3-001","Interaction","本CSV用于追踪「Zen交互补齐（侧栏/扩展/分屏/多选）」的后续迭代；本轮目标：一次性把当前用户提出的差距补齐并可验收。","META","M4","done","已具备基础骨架（侧栏/分屏/扩展/PopupManager）。","本表内本轮相关任务全部落地并可复现验证。","reference/logs/zen_browser_interaction_plan_v3.csv","","本表内 INT-V3-* 全部为 done，且每行有可执行测试步骤。","打开CSV检查字段齐全且任务可落地","zen_browser_interaction_plan_v3.csv"
"developed","Meta","META-NEXT-V4-001","Interaction","本CSV用于追踪「Zen差距补齐：核心浏览器能力/Zen特色交互/工程化交付」的后续迭代；目标：把“能长期开发/可交付/可回归测试”的能力补齐。","META","M5","done","当前已完成侧栏/多选批量/分屏拖拽与持久化/扩展入口与弹层/运行部署闭环；但核心浏览器能力与多窗口/数据层仍缺失。","建立下一阶段(M5~M7)的任务拆解：每行可验收+可回归；实现后把 Status 从 todo 改为 done。","reference/logs/zen_browser_next_plan_v4.csv","","本表 NEXT-V4-* 全部可逐步落地并有测试步骤。","打开CSV -> 抽查5行：均有明确 Done_Criteria + Test_Steps","zen_browser_next_plan_v4.csv"
"developed","Migration","ZEN-221","Feature","UI/配置迁移","P2","M3","done","未实现","在 XBrowser：为 settings/session 引入 schemaVersion + 迁移器","(建议新增) src/core/Migrations.*","ZEN-162","配置文件带版本号且至少支持一次迁移示例","","zen_browser_feature_impl_plan.csv"
"developed","Mods","ZEN-100","Feature","Zen Mods 管理(CSS Mods)","P3","M4","done","实现中","在 XBrowser：可选实现“主题/皮肤包”系统（先做本地主题，后做在线）","ui/qml/components/Theme/*; src/core/ThemeManager.*","ZEN-052","可切换多套主题并持久化","","zen_browser_feature_impl_plan.csv"
"developed","Mods","ZEN-101","Feature","Mods Backend XPCOM","P3","M4","done","未实现","在 XBrowser：不需要 XPCOM，但需要等价的样式/主题应用层","","ZEN-100","主题应用不依赖 UI 线程阻塞且可缓存","","zen_browser_feature_impl_plan.csv"
"developed","Mods","ZEN-102","Feature","Marketplace WindowActor","P3","M4","done","已实现(主题商店最小闭环)","在 XBrowser：用 ThemePackModel/ThemesDialog 提供 URL 安装/卸载/更新检查闭环（作为 Zen mods marketplace 的等价能力）。","src/core/ThemePackModel.*; ui/qml/components/ThemesDialog.qml","ZEN-100","能完成安装/卸载/更新检查的闭环（可后置）","Tools -> Themes：Install(URL) / Uninstall / Check Updates","zen_browser_feature_impl_plan.csv"
"developed","Motion","INT-001","Interaction","全局动效 token + reduce motion 开关","P0","M1","done","QML 中动效零散（或没有）；未提供 reduce motion 设置。","新增 theme.motion* token（duration/easing）与 settings.reduceMotion；所有后续动效任务依赖此 token。","src/core/AppSettings.*; src/core/ThemeController.*; ui/qml/components/*","","可在设置中切换 reduce motion；主要动效均引用统一 token。","切换 reduce motion -> 观察侧栏/Toast/Overlay 动效明显减弱或关闭","zen_browser_interaction_plan.csv"
"developed","NativeUtils","ZEN-200","Feature","原生分享与触感反馈","P4","M5","done","部分实现","在 XBrowser：如要系统分享/触感，需写 Windows 原生集成（可后置）","","ZEN-092","可选：具备系统分享能力或明确不做","","zen_browser_feature_impl_plan.csv"
"developed","Navigation","NEXT-V4-004","Interaction","页内查找(Find-in-page)条","P0","M5","done","暂无页内查找。","实现 FindBar：Ctrl+F 呼出；对当前 WebView2 执行查找(DevTools协议/JS注入方案择一)。","ui/qml/components/FindBar.qml (new); src/engine/webview2/WebView2View.*","","Ctrl+F 可查找并高亮；Enter/Shift+Enter 跳转；Esc关闭。","打开网页 -> Ctrl+F -> 输入常见词 -> 高亮并可跳转","zen_browser_next_plan_v4.csv"
"developed","Notifications","ZEN-033","Feature","侧边栏通知组件","P2","M3","done","已实现(基础)","在 XBrowser：实现 SidebarNotification 组件（可插入队列）","ui/qml/components/SidebarNotification.qml","ZEN-013","侧边栏可堆叠通知并带关闭按钮/链接动作","","zen_browser_feature_impl_plan.csv"
"developed","Omnibox","INT-019","Interaction","地址栏聚焦/全选/ESC 还原规则","P1","M1","done","当前 onActiveFocusChanged 仅关闭 popup；缺少 ESC/还原规则。","补齐：Ctrl+L 全选；点击行为可配置；ESC：先关 popup，再还原为当前 URL，最后失焦。","ui/qml/BrowserWindow.qml; ui/qml/components/Shortcuts.qml; src/core/AppSettings.*","","地址栏行为符合 UX_SPEC；不会出现“ESC 没反应/内容丢失”。","输入一半 -> ESC：恢复当前页面 URL；Ctrl+L：全选","zen_browser_interaction_plan.csv"
"developed","Omnibox","INT-020","Interaction","建议下拉：键盘导航（↑↓/Enter/Tab）、分组展示、匹配高亮","P1","M2","done","当前仅实现 '>' 命令面板的简单 ListView。","实现真正的建议 popup：支持键盘导航；显示来源分组（tabs/history/bookmarks/actions）；高亮匹配子串。","ui/qml/BrowserWindow.qml; (new) src/core/OmniboxModel.*","","无需鼠标即可完成搜索/打开建议；UI 信息足够。","输入关键字 -> ↓ 选择 -> Enter 打开 -> URL 正确","zen_browser_interaction_plan.csv"
"developed","Omnibox","INT-021","Interaction","命令面板（>）增强：模糊搜索、显示快捷键、更多命令覆盖","P2","M2","done","当前 actions 为硬编码数组且数量少。","引入 CommandRegistry（C++ 或 QML 单例）：注册命令/快捷键/分组；命令面板按 query 过滤。","src/core/CommandBus.*; src/app/main.cpp; ui/qml/BrowserWindow.qml; ui/qml/components/Shortcuts.qml","","命令面板可搜索到主要功能；展示快捷键；执行后有反馈。","输入 >split -> 选中 -> Enter：分屏切换","zen_browser_interaction_plan.csv"
"developed","Output","NEXT-V4-005","Interaction","打印/另存为PDF","P1","M6","done","暂无打印/PDF。","接入 WebView2 Print/PrintToPdfAsync：提供 PrintDialog 与 Save PDF 路径选择。","src/engine/webview2/WebView2View.*; ui/qml/components/PrintDialog.qml (new)","","Ctrl+P 可打开打印；保存PDF成功生成文件。","打开网页 -> Ctrl+P -> 保存PDF -> 文件可打开","zen_browser_next_plan_v4.csv"
"developed","Overlay","INT-028","Interaction","OverlayHost：支持 ESC 关闭/动效/焦点管理","P2","M2","done","OverlayHost 仅支持点击遮罩关闭，无 ESC/动效/焦点。","为 OverlayHost 增加 Keys.onEscapePressed；增加 opacity 动画；必要时阻止底层点击。","ui/qml/components/OverlayHost.qml","INT-001","overlay 可 ESC 关闭且有淡入淡出；关闭后焦点回到合理位置。","打开 glance overlay -> ESC -> 关闭；焦点回到主窗口","zen_browser_interaction_plan.csv"
"developed","Packaging","INT-V2-004","Interaction","运行时缺少 Qt 动态库/平台插件的问题一劳永逸","P0","M1","done","此前 Debug/Release 环境下偶发 Qt DLL/平台插件缺失。","构建后自动运行 windeployqt 并生成/复制 qt.conf，使 build\\<Config>\\xbrowser.exe 可直接双击运行。","src/CMakeLists.txt; cmake/qt.conf; scripts/deploy.ps1","","构建完成后 build\\Debug\\xbrowser.exe 可直接运行且不依赖 PATH；qt.conf 存在。","cmake --build build --config Debug -> 双击/运行 build\\Debug\\xbrowser.exe","zen_browser_interaction_plan_v2.csv"
"developed","Packaging","NEXT-V4-013","Interaction","Release打包(稳定可交付目录/Installer)","P2","M7","done","目前以开发部署为主(依赖windeployqt)。","新增 `scripts/package.ps1` 生成 `dist/`；可选 NSIS/MSIX 打包流程(先文档)。","scripts/package.ps1 (new); docs/BUILDING.md","","`dist/Release` 内双击可运行且不依赖Qt PATH。","运行 package -> 在无Qt环境机器测试运行(或通过 clean env 验证)","zen_browser_next_plan_v4.csv"
"developed","Permissions","INT-024","Interaction","权限请求弹窗：用 doorhanger + 记忆决策（本次/永远允许/永远拒绝）","P0","M2","done","当前未处理 WebView2 权限请求；无 UI。","监听 WebView2 permission events；弹出 doorhanger；将决策写入站点权限存储；并提供撤销入口。","src/engine/webview2/WebView2View.*; (new) src/core/SitePermissionsStore.*; ui/qml/components/SiteInfoPanel.qml","INT-023","权限请求能正确提示并记录；同站点再次请求按记忆处理。","打开请求麦克风的网站 -> 弹出 doorhanger -> 选择永远拒绝 -> 刷新后不再弹","zen_browser_interaction_plan.csv"
"developed","Polish","INT-034","Interaction","tooltip/标题截断：hover 显示完整 title+URL","P3","M3","done","当前标题截断但无 tooltip。","为 tab delegate 增加 ToolTip，展示完整 title 与 URL（可选）。","ui/qml/BrowserWindow.qml","","标题截断时 hover 可看全信息。","把侧栏变窄 -> hover 某 tab -> tooltip 显示完整标题","zen_browser_interaction_plan.csv"
"developed","Privacy","NEXT-V4-014","Interaction","站点权限中心(全局管理+按站点)","P2","M6","done","已有站点权限面板(按站点)，但缺少全局管理页与批量清理。","新增 PermissionsCenter：列出已记录站点权限并可搜索/重置；与 SitePermissionsStore 打通。","src/core/SitePermissionsStore.*; ui/qml/components/PermissionsCenter.qml (new)","NEXT-V4-001","可查看所有已记录站点权限并一键重置。","访问站点触发权限->允许->在权限中心看到->点击重置->返回为默认","zen_browser_next_plan_v4.csv"
"developed","Profiles","NEXT-V4-007","Interaction","多Profile/隐身模式(Incognito)","P1","M6","done","已支持 --profile 与 --incognito，分别隔离数据目录与 WebView2 userDataFolder。","为 WebView2 提供 profileId/userDataFolder；隐身使用临时目录并退出即清理；扩展按profile隔离。","src/app/main.cpp; src/engine/webview2/WebView2View.*; docs/RUNNING.md","NEXT-V4-006","可打开“隐身窗口”且关闭后无历史/缓存残留(最小可验收)。","打开隐身窗口->访问站点->关闭->再开隐身->历史为空","zen_browser_next_plan_v4.csv"
"developed","Session","ZEN-160","Feature","Tab Zen 元数据恢复","P1","M2","done","已实现(基础)","在 XBrowser：实现会话持久化（tab 列表+active+workspace）并在启动恢复","(建议新增) src/core/SessionStore.*; src/core/WorkspaceModel.*","ZEN-050","重启后恢复 tab 列表与当前工作区/当前 tab","","zen_browser_feature_impl_plan.csv"
"developed","Session","ZEN-162","Feature","侧边栏状态文件(zen-sessions)","P1","M2","done","已实现(基础)","在 XBrowser：定义 session JSON/SQLite schema，覆盖 workspace/tab/group/split 状态","docs/DESIGN.md; (建议新增) src/core/Storage/*","ZEN-160","有稳定的数据结构与版本迁移策略（至少预留 version 字段）","","zen_browser_feature_impl_plan.csv"
"developed","Settings","NEXT-V4-001","Interaction","设置中心(统一入口+分类页)","P0","M5","done","当前设置分散在菜单与零散对话框，缺少集中“设置中心”。","新增 SettingsDialog/SettingsPage：左侧分类+右侧内容；所有设置项统一落到 AppSettings/Stores 并可持久化。","ui/qml/components/SettingsDialog.qml (new); src/core/AppSettings.*; ui/qml/BrowserWindow.qml","","存在可打开的设置中心且至少包含：外观/运行/快捷键/关于。","打开 Tools->Settings -> 修改3项 -> 重启 -> 保持生效","zen_browser_next_plan_v4.csv"
"developed","Shortcuts","NEXT-V4-011","Interaction","快捷键可配置(最小闭环)","P2","M7","done","已有固定快捷键映射，但不可配置。","新增 ShortcutStore：默认映射+用户覆盖；Settings中可编辑(简单文本/表格)。","src/core/ShortcutStore.* (new); ui/qml/components/ShortcutsEditor.qml (new)","NEXT-V4-001","可修改1个快捷键并立即生效且重启保持。","设置里修改“新标签”快捷键->立刻可用->重启后仍可用","zen_browser_next_plan_v4.csv"
"developed","Sidebar","ZEN-013","Feature","底部按钮条","MVP","M1","done","已实现(基础)","在 XBrowser 侧边栏底部加入固定按钮区：工作区切换、New、侧边栏展开/收起","ui/qml/BrowserWindow.qml; ui/qml/components/SidebarFooter.qml","ZEN-011","底部按钮区固定可用，支持新增标签/切换工作区/收起侧栏","","zen_browser_feature_impl_plan.csv"
"developed","Sidebar","INT-002","Interaction","侧栏展开/收起：宽度+透明度过渡","P0","M1","done","当前通过 Layout.preferredWidth=0 + visible 直接切换，无过渡。","为侧栏容器增加 width/opacity 动画；收起时保持内容不抖动（避免 layout reflow 造成跳动）。","ui/qml/BrowserWindow.qml","INT-001","展开/收起侧栏有一致过渡；且不会引起内容区闪烁/跳动。","连续快速切换侧栏 10 次：无闪烁、无卡死、最终状态正确","zen_browser_interaction_plan.csv"
"developed","Sidebar","INT-004","Interaction","侧栏宽度拖拽：光标/最小最大/双击复位","P1","M1","done","当前可拖拽但无光标提示，复位/限制规则不明显。","为拖拽区域设置 Qt.SizeHorCursor；增加双击复位；统一 min/max（与布局一致）。","ui/qml/BrowserWindow.qml; src/core/AppSettings.*","INT-001","拖拽时光标正确；宽度被限制；双击手柄回到默认值并持久化。","拖拽到极小/极大 -> 不越界；双击 -> 回到默认宽度","zen_browser_interaction_plan.csv"
"developed","Sidebar","NEXT-V4-010","Interaction","侧栏面板体系(书签/历史/下载/扩展)统一入口","P1","M6","done","目前下载/扩展多为独立dialog/overlay。","引入 SidebarPanels：统一在侧栏/顶部按钮打开书签/历史/下载/扩展面板；复用 OverlayHost/PopupManager。","ui/qml/BrowserWindow.qml; ui/qml/components/SidebarPanels.qml (new)","NEXT-V4-001","侧栏可切换至少2种面板且打开/关闭路径短且不遮挡。","打开书签面板->切换到下载面板->返回tabs列表","zen_browser_next_plan_v4.csv"
"developed","Sidebar/CustomizableUI","ZEN-014","Feature","顶部按钮条与 splitter","MVP","M1","done","已实现(基础)","在 XBrowser：实现侧边栏可拖拽宽度（splitter），并持久化到设置","ui/qml/BrowserWindow.qml; src/core/*Settings* (待建)","ZEN-011","侧边栏宽度可拖拽调整，重启后保持","","zen_browser_feature_impl_plan.csv"
"developed","Sidebar/Essentials","INT-V3-004","Interaction","pinned/essentials 布局细节：窄态更像 Zen（图标栅格）且 Ctrl/Shift 多选与 tooltip 不退化","P1","M4","done","Essentials 之前在窄态仍为单列列表（仅隐藏文本）。","sidebarIconOnly 时切换为 GridView 图标栅格；保留点击激活、Ctrl/Shift 多选、tooltip。","ui/qml/BrowserWindow.qml; src/core/TabFilterModel.*; src/core/TabModel.*","","侧栏窄态 essentials 显示为图标栅格；Ctrl/Shift 多选仍可用；tooltip 可见。","把侧栏拖到很窄 -> essentials 变为 grid；Ctrl/Shift 多选仍可用；hover 显示标题/URL tooltip","zen_browser_interaction_plan_v3.csv"
"developed","SiteDataPanel","ZEN-091","Feature","站点数据/扩展统一面板","P3","M4","done","未实现","在 XBrowser：可选实现 Site Panel（权限/下载/扩展入口/复制 URL）作为侧栏或弹层","ui/qml/components/SitePanel.qml (待建)","ZEN-016","存在可打开的站点面板并至少包含复制 URL/权限入口","","zen_browser_feature_impl_plan.csv"
"developed","SiteInfo","INT-023","Interaction","站点信息/权限 doorhanger：锚定地址栏左侧/站点按钮","P1","M2","done","当前 sitePanelButton 仅 toast 'not implemented'。","实现 SiteInfoPanel：展示 origin/证书状态（可先简化）+ 常用权限开关入口；关闭策略 CloseOnEscape/点击外部。","ui/qml/BrowserWindow.qml; ui/qml/components/PopupManager.qml; (new) ui/qml/components/SiteInfoPanel.qml","","点击站点按钮弹出面板；关闭策略符合预期；信息不会空白。","打开 https 站点 -> 点站点按钮 -> 面板显示 origin","zen_browser_interaction_plan.csv"
"developed","SplitView","INT-V3-002","Interaction","分屏网格(2x2/3 panes)分隔线可拖拽并可双击复位","P0","M4","done","2-pane 已可拖拽；网格模式此前固定 50/50。","新增 gridSplitRatioX/Y 并持久化；网格竖/横分隔线支持拖拽与双击复位。","src/core/SplitViewController.*; src/core/SessionStore.*; ui/qml/BrowserWindow.qml; tests/TestSplitViewController.cpp; tests/TestSessionStore.cpp","","paneCount>2 时竖/横分隔线可拖拽；双击复位；重启后比例保持。","拖拽竖线/横线 -> pane 大小变化；双击 -> 回到均分；重启应用 -> 比例仍在","zen_browser_interaction_plan_v3.csv"
"developed","SplitView","ZEN-070","Feature","分屏/网格分割","P1","M2","done","部分实现","在 XBrowser：实现 SplitView 容器（2-4 panes）+ 每 pane 绑定 tab/webview","ui/qml/components/SplitView.qml (待建); src/core/TabModel.*","ZEN-011","能把当前视图分成 2 个 pane 并分别打开不同 tab","","zen_browser_feature_impl_plan.csv"
"developed","SplitView","INT-030","Interaction","分屏焦点与键盘：明确当前 pane，高亮边框，快捷键切换 pane","P2","M2","done","当前分屏存在，但 focusedPane 交互/视觉弱。","点击 pane 设为 focusedPane；用快捷键（如 Ctrl+Alt+←/→）切换；用边框高亮。","ui/qml/BrowserWindow.qml; src/core/SplitViewController.*; ui/qml/components/Shortcuts.qml","","分屏焦点清晰；键盘可切换；操作不影响导航。","开启分屏 -> 点击右侧 -> 高亮右侧 -> 快捷键切回左侧","zen_browser_interaction_plan.csv"
"developed","SplitView","ZEN-071","Feature","Overlay 与 Dropzone","P2","M3","done","已实现(基础)","在 XBrowser：实现内容区 Dropzone（拖拽高亮边缘）并触发 split/rearrange","ui/qml/components/SplitDropzone.qml (待建)","ZEN-070","拖拽 tab 到内容区边缘时显示可放置区域并完成分屏","","zen_browser_feature_impl_plan.csv"
"developed","SplitView","INT-031","Interaction","分屏拖拽手柄：光标/双击复位/持久化比例","P3","M3","done","当前可拖拽但无光标/复位/持久化。","为 splitHandle 设置 Qt.SizeHorCursor；双击复位 splitPos；可选：存到 settings/session。","ui/qml/BrowserWindow.qml; src/core/SessionStore.*; src/core/AppSettings.*","INT-001","手柄交互完整；分屏比例可复位且可记忆。","拖拽比例 -> 重启 -> 比例仍在（若开启持久化）","zen_browser_interaction_plan.csv"
"developed","Stability","NEXT-V4-012","Interaction","可视化日志/诊断面板(开发用)","P2","M6","done","已有日志文件与WebView2缺失提示，但缺少应用内诊断页。","新增 DiagnosticsDialog：展示版本/Qt/WebView2版本/路径/最近错误/打开日志按钮。","ui/qml/components/DiagnosticsDialog.qml (new); src/core/AppPaths.*","","可从菜单打开诊断页并一键打开日志文件夹。","触发一次错误->打开诊断页->看到错误摘要->点击打开日志目录","zen_browser_next_plan_v4.csv"
"developed","Startup","ZEN-020","Feature","预加载模块(更早于 global-scripts)","MVP","M1","done","已实现(基础)","在 XBrowser：应用启动期先初始化 Workspaces/Settings，再构建 UI","src/app/main.cpp; src/core/*Workspace* (待建)","","启动顺序明确：Settings/Workspace -> UI -> WebView2","","zen_browser_feature_impl_plan.csv"
"developed","Startup","ZEN-021","Feature","加载 CSS 与 Feature Modules","MVP","M1","done","已实现(基础)","在 XBrowser：拆分 QML 样式/主题变量与组件模块加载，保证主窗口只依赖少量入口文件","ui/qml/BrowserWindow.qml; ui/qml/components/*","ZEN-020","主窗口入口清晰，主题与功能模块可按需加载/开关","","zen_browser_feature_impl_plan.csv"
"developed","Startup","INT-V2-001","Interaction","QML加载失败时可定位且不阻塞主流程","P0","M1","done","曾出现 BrowserWindow.qml 语法错误/重复 id 导致 Main.qml 加载失败。","修复QML语法/重复id类问题，保证至少能启动到主界面并输出可用日志。","ui/qml/BrowserWindow.qml; ui/ui.qrc","","应用可启动且日志不再出现“QQmlApplicationEngine failed to load component”。","构建 Debug -> 启动 -> 检查 %LOCALAPPDATA%\\XBrowser\\XBrowser\\xbrowser.log","zen_browser_interaction_plan_v2.csv"
"developed","Tabs","ZEN-040","Feature","垂直标签样式栈","MVP","M1","done","已实现(基础)","在 XBrowser：定义 Sidebar Tabs 视觉规范（间距/圆角/hover/选中/滚动）并组件化","ui/qml/components/TabList.qml; ui/qml/components/TabItem.qml","ZEN-031","tab 列表支持选中/hover/滚动/右键菜单入口","","zen_browser_feature_impl_plan.csv"
"developed","Tabs","INT-005","Interaction","标签列表增删动效（add/remove/move transition）","P1","M1","done","ListView 默认行为：插入/删除基本无过渡。","为 tab ListView 增加 add/remove/move transitions（与 motion token 统一）；避免影响拖拽性能。","ui/qml/BrowserWindow.qml","INT-001","新增/关闭/移动标签时有一致过渡，且拖拽依然顺滑。","新建 5 个 tab -> 关闭中间 2 个 -> 列表过渡自然且不卡","zen_browser_interaction_plan.csv"
"developed","Tabs","INT-006","Interaction","标签项信息密度：favicon/加载中/音频状态（可渐进）","P1","M1","done","当前仅显示 title 文本，无 favicon/加载/音频。","先：为 active tab 采集 title/url/favicon/audio 状态并写回 TabModel；后：显示在每个 tab 项里。","src/core/TabModel.*; src/engine/webview2/WebView2View.*; ui/qml/BrowserWindow.qml","INT-010","tab 列表能显示 favicon（至少 active tab）与加载/音频状态指示。","打开播放音频页面 -> tab 上出现音频标识；加载中出现 spinner","zen_browser_interaction_plan.csv"
"developed","Tabs","INT-009","Interaction","拖拽排序：插入指示线 + 自动滚动","P1","M1","done","当前 DropArea 直接 moveTabBefore，无插入提示/自动滚动。","增加拖拽 hover 计算插入位置并渲染指示线；拖拽到边缘触发 listView.contentY 滚动。","ui/qml/BrowserWindow.qml","INT-005","拖拽排序可预期；长列表可自动滚动；不会误排序。","创建 30 个 tab -> 拖拽第 1 个到末尾：能自动滚动并准确落位","zen_browser_interaction_plan.csv"
"developed","Tabs","NEXT-V4-008","Interaction","Tab搜索/快速切换(Switcher)","P1","M5","done","已实现 TabSwitcher（Ctrl+K 弹层搜索 title/url，按最近使用排序）。","新增 Tab Switcher：Ctrl+K 搜索tab(title/url)并回车切换；支持最近使用排序。","src/core/TabSwitcherModel.*; src/core/TabModel.*; ui/qml/components/TabSwitcher.qml (new); ui/qml/BrowserWindow.qml","NEXT-V4-001","可在弹层中搜索tab并切换焦点到对应pane/tab。","打开10个tab -> Ctrl+K -> 输入关键字 -> 回车切换正确","zen_browser_next_plan_v4.csv"
"developed","Tabs","ZEN-041","Feature","Essentials(固定/常用标签)区","P1","M2","done","已实现(基础)","在 XBrowser：增加 Pinned/Essentials 数据结构（可选：两级固定）并渲染为网格或列表","src/core/TabModel.*; ui/qml/components/EssentialsGrid.qml (待建)","ZEN-012","可把标签标记为 essentials，并在侧边栏独立显示","","zen_browser_feature_impl_plan.csv"
"developed","Tabs","INT-007","Interaction","标签项 hover 操作：仅在 hover 显示关闭/置顶/更多","P2","M2","done","当前关闭/置顶按钮常驻（Essentials/普通 tab），视觉噪音较大。","改成 hover 才显示按钮（或仅 active/hover 显示）；保留键盘/右键路径。","ui/qml/BrowserWindow.qml","INT-001","非 hover 状态更简洁；hover 时操作按钮出现且不抖动。","在 tab 列表快速移动鼠标：按钮出现/消失稳定且无布局跳动","zen_browser_interaction_plan.csv"
"developed","Tabs","INT-008","Interaction","中键关闭标签（列表项）","P2","M2","done","当前仅有按钮/快捷键关闭。","为 tab delegate 增加 MiddleButton 关闭逻辑；需避免与拖拽冲突。","ui/qml/BrowserWindow.qml","","中键点击 tab 关闭；拖拽不受影响。","中键点任意 tab -> 关闭；按住左键拖拽 -> 不触发关闭","zen_browser_interaction_plan.csv"
"developed","Tabs","INT-012","Interaction","标签右键菜单补齐常用项（Duplicate/Copy URL/Open in Split/Move to Workspace 等）","P2","M2","done","目前 tab 右键菜单只有 Close/Ungroup 等少量项。","扩展 tab context menu：复制链接、复制标题、重复标签、在分屏打开、移动到工作区、新窗口等。","ui/qml/BrowserWindow.qml; src/app/main.cpp（commands）","","右键菜单覆盖高频动作；触发后状态正确且有反馈。","右键 tab -> Duplicate -> 新 tab 出现且 URL 一致","zen_browser_interaction_plan.csv"
"developed","Tabs","INT-013","Interaction","分组交互：拖拽到组标题即可归组；拖到空白处取消分组","P2","M2","done","当前只能在组内排序，归组路径依赖菜单按钮。","为组标题/空白区域添加 DropArea：drop 时 setGroupIdAt；并提供视觉提示。","ui/qml/BrowserWindow.qml; src/core/BrowserController.*","","拖拽 tab 到组标题可归组；拖拽到“Tabs”空白区可取消分组。","拖拽某 tab 到 Group A 标题 -> 出现在组内；再拖到空白区 -> 回到未分组列表","zen_browser_interaction_plan.csv"
"developed","Tabs","INT-014","Interaction","组标题：重命名/颜色/折叠动效（渐进）","P2","M2","done","目前组名固定（Group N），折叠瞬时且无重命名入口。","为 TabGroupModel 增加 rename API；UI 提供双击/菜单重命名；折叠加过渡。","src/core/TabGroupModel.*; ui/qml/BrowserWindow.qml","INT-001","可重命名组；折叠/展开有过渡；状态持久化到 session.json。","重命名组 -> 重启应用 -> 组名仍存在","zen_browser_interaction_plan.csv"
"developed","Tabs","ZEN-042","Feature","固定标签管理器","P2","M3","done","已实现(基础)","在 XBrowser：实现 pinned tab 的“关闭键行为策略”与“重置到初始 URL(可选)”","src/core/TabModel.*; src/core/BrowserController.*","ZEN-041","Pinned tab 的关闭策略可配置，且不影响普通 tab","","zen_browser_feature_impl_plan.csv"
"developed","Tabs","ZEN-043","Feature","标签重命名","P2","M3","done","已实现(基础)","在 XBrowser：TabItem 支持 inline rename，并持久化到会话/工作区","src/core/TabModel.*; ui/qml/components/TabItem.qml","ZEN-040","双击可编辑标题并保存，刷新/切换标签不丢失","","zen_browser_feature_impl_plan.csv"
"developed","Tabs","ZEN-044","Feature","无历史返回自动关标签","P3","M4","done","已实现(基础)","在 XBrowser：可选实现类似规则（需 WebView2 历史判断）","src/engine/webview2/WebView2View.*; src/core/BrowserController.*","","当后退无历史且符合条件时自动关闭当前 tab","","zen_browser_feature_impl_plan.csv"
"developed","Theme","ZEN-181","Feature","全局样式装载点","MVP","M1","done","已实现(基础)","在 XBrowser：把布局规则放到 QML 组件与 theme vars，而不是散落在 JS","ui/qml/components/*","ZEN-180","样式可通过少量 theme vars 调整而不需要全局搜索替换","","zen_browser_feature_impl_plan.csv"
"developed","Theme","ZEN-180","Feature","主题变量注入(Accent/Radius/Separation)","P2","M3","done","已实现(基础)","在 XBrowser：用 QML 单例 Theme（properties）驱动全局样式，避免散落硬编码","ui/qml/components/Theme.qml (待建)","ZEN-052","切换主题/工作区时，UI 颜色/圆角/间距同步更新","","zen_browser_feature_impl_plan.csv"
"developed","Toast","INT-027","Interaction","Toast 动效与队列体验：滑入/淡入，支持点击外部不阻塞操作","P2","M2","done","当前 ToastHost Behavior on visible 无效（bool 动画）；出现/消失突兀。","改为对 opacity/y 做动画；visible 由 opacity==0 控制或用 states/transitions；与 reduce motion 联动。","ui/qml/components/ToastHost.qml","INT-001","toast 有平滑过渡；多条 toast 队列展示自然。","连续触发 5 次 toast -> 逐条显示且动效一致","zen_browser_interaction_plan.csv"
"developed","Updates","ZEN-034","Feature","版本更新提示与窗口动画","P3","M4","done","未实现","在 XBrowser：可选实现更新提示（未来自动更新/版本公告用）","docs/ (可选); ui/qml/components/SidebarNotification.qml","ZEN-033","可记录上次版本并在变更时提示一次","","zen_browser_feature_impl_plan.csv"
"developed","Urlbar","ZEN-090","Feature","Zen Omnibox Provider(快速动作)","P2","M3","done","部分实现","在 XBrowser：规划 Omnibox 架构（建议源：历史/书签/动作/工作区），先实现动作建议","ui/qml/components/Omnibox.qml (待建); src/core/Suggestions* (待建)","ZEN-017","地址栏输入可出现“动作”建议并可执行","","zen_browser_feature_impl_plan.csv"
"developed","Urlbar","ZEN-092","Feature","复制 URL 按钮与 Share","P2","M3","done","部分实现","在 XBrowser：实现复制 URL（剪贴板）+ 可选 Windows ShareSheet","src/core/BrowserController.*; src/core/Clipboard* (待建)","ZEN-032","复制 URL 有反馈；可选提供系统分享入口","","zen_browser_feature_impl_plan.csv"
"developed","WebView2","INT-V2-003","Interaction","缺少 WebView2 Runtime 时给出明确可操作提示","P0","M1","done","此前缺少 runtime 时只表现为“系统找不到文件”且页面区域空白。","在 WebView2 初始化失败时暴露 initError 并在页面内显示“安装/重试”引导。","src/engine/webview2/WebView2View.*; ui/qml/BrowserWindow.qml","","缺少 runtime 时页面出现提示并提供安装链接；有 runtime 时不影响正常使用。","卸载/隔离 WebView2 Runtime 后启动 -> 看到提示 -> 点击安装链接","zen_browser_interaction_plan_v2.csv"
"developed","Welcome","ZEN-190","Feature","首次启动欢迎页","P4","M5","done","已实现(基础)","在 XBrowser：可选实现 onboarding（首次启动引导/快捷键提示）","ui/qml/components/Onboarding.qml (待建)","","首次启动展示一次并可跳过","","zen_browser_feature_impl_plan.csv"
"developed","Window/Layout","ZEN-010","Feature","主容器包装","MVP","M1","done","已实现(基础)","在 XBrowser 里定义等价的根布局容器（QML 根 Item），支持全局 overlay/动画层","ui/qml/BrowserWindow.qml","","存在可覆盖全窗口的 overlay 层与根容器引用","","zen_browser_feature_impl_plan.csv"
"developed","Window/Layout","ZEN-011","Feature","AppContent 与 Navbar 容器","MVP","M1","done","已实现(基础)","在 XBrowser 中拆分：侧边栏区 + 顶部/侧边地址栏区 + 内容区容器","ui/qml/BrowserWindow.qml; ui/qml/components/*","ZEN-010","布局可独立显示/隐藏地址栏区域且不影响内容区渲染","","zen_browser_feature_impl_plan.csv"
"developed","Window/Layout","ZEN-012","Feature","Tabstrip 注入 Essentials 与 Wrapper","MVP","M1","done","已实现(基础)","在 XBrowser 侧边栏中增加 Essentials 区域（固定/常用标签）并与普通标签列表分区","src/core/TabModel.*; ui/qml/BrowserWindow.qml","ZEN-010","侧边栏有可配置的固定区与普通区，支持基本增删/激活","","zen_browser_feature_impl_plan.csv"
"developed","Window/Layout","ZEN-015","Feature","Tabbox 附加元素(Toast/Overlays)","MVP","M1","done","已实现(基础)","在 XBrowser：实现 Toast 容器与 Overlay host（Split/Glance 等未来功能共用）","ui/qml/components/OverlayHost.qml; ui/qml/components/ToastHost.qml","ZEN-010","可从任意逻辑触发 toast；overlay 可覆盖内容区并响应点击关闭","","zen_browser_feature_impl_plan.csv"
"developed","Window/Layout","ZEN-016","Feature","Zen PopupSet 与 Panels","P1","M2","done","部分实现","在 XBrowser：用 QML Popup/Drawer/Sheet 体系替代，并统一管理打开/关闭与定位","ui/qml/components/Popups/* (待建)","ZEN-010","至少有一个统一 Popup 管理器，可按锚点弹出","","zen_browser_feature_impl_plan.csv"
"developed","Windows","NEXT-V4-006","Interaction","多窗口(New Window/Close Window/Window->Tabs)","P1","M6","done","已实现 New Window（启动新进程）与入口/快捷键。","新窗口通过 startDetached 打开新进程（隔离 profile，避免多实例写同一数据目录）。","src/app/main.cpp; ui/qml/BrowserWindow.qml; ui/qml/components/Shortcuts.qml; docs/RUNNING.md","NEXT-V4-001","可打开第二个窗口且各自可独立浏览；关闭后不崩溃。","打开新窗口 -> 两窗口分别打开不同网址 -> 关闭其中一个 -> 另一个仍可用","zen_browser_next_plan_v4.csv"
"developed","WindowSync","ZEN-161","Feature","多窗口同步","P3","M4","done","已记录(设计/约束)","已记录：当前单窗口；如需多窗口共享工作区与 tab 元数据，采用 versioned state + 显式同步层，避免共享 WebView 实例。","docs/ZEN_COMPAT.md; src/core/SessionStore.*","ZEN-160","（可选）多窗口共享同一组工作区与 tab 元数据","打开 docs/ZEN_COMPAT.md 的 ZEN-161 小节","zen_browser_feature_impl_plan.csv"
"developed","Workspace","INT-016","Interaction","工作区 UI：从 ComboBox 改为 Zen 风格（列表/胶囊/图标），并支持滚动","P2","M2","done","当前 SidebarFooter 用 ComboBox 切换工作区，交互偏“设置项”。","实现侧栏底部 workspace strip：显示名称/颜色；可滚动；点击切换；保留“+”。","ui/qml/components/SidebarFooter.qml; ui/qml/BrowserWindow.qml","","workspace 切换无需打开下拉框；切换有明确选中态。","创建 5 个 workspace -> 点击任意 workspace -> tab 列表切换正确","zen_browser_interaction_plan.csv"
"developed","Workspace","INT-017","Interaction","工作区切换快捷键（可配置）","P2","M2","done","当前仅支持菜单/ComboBox。","新增快捷键：Alt+1..9（建议）用于切换工作区；并在命令面板中可发现。","ui/qml/components/Shortcuts.qml; src/app/main.cpp（commands）","","快捷键可切换工作区且与 Ctrl+Tab 等不冲突。","创建 3 个 workspace -> Alt+2 切到第 2 个 -> UI 更新","zen_browser_interaction_plan.csv"
"developed","Workspace","INT-018","Interaction","工作区级 UI 状态：每个 workspace 记住侧栏宽度/展开/上次激活 tab 等","P2","M2","done","当前 AppSettings 为全局（sidebarWidth/sidebarExpanded），非 workspace 级。","将部分 UI 状态迁移到 WorkspaceModel（可先仅 sidebarWidth/sidebarExpanded）；切换 workspace 自动应用。","src/core/WorkspaceModel.*; src/core/AppSettings.*; src/core/SessionStore.*; ui/qml/BrowserWindow.qml","","切换 workspace 时侧栏状态随之变化并被保存。","Workspace A 设为窄侧栏 -> 切到 B 设为宽 -> 来回切换：宽度分别记住","zen_browser_interaction_plan.csv"
"developed","Workspaces","ZEN-050","Feature","工作区总控","MVP","M1","done","已实现(基础)","在 XBrowser：新增 WorkspaceModel + WorkspaceController；将 TabModel 按 workspace 分桶","(建议新增) src/core/WorkspaceModel.*; src/core/WorkspaceController.*","ZEN-017","可创建多个工作区，切换时 tab 列表与活动 tab 隔离","","zen_browser_feature_impl_plan.csv"
"developed","Workspaces","ZEN-051","Feature","自定义元素与 UI","MVP","M1","done","已实现(基础)","在 XBrowser：以 QML 组件实现 WorkspaceSwitcher + WorkspaceView + WorkspaceCreationDialog","ui/qml/components/WorkspaceSwitcher.qml; ui/qml/components/WorkspaceCreationDialog.qml","ZEN-050","有工作区切换器；可创建/重命名/删除工作区","","zen_browser_feature_impl_plan.csv"
"developed","Workspaces","ZEN-053","Feature","工作区书签/快速入口存储","P3","M4","done","已实现(基础)","在 XBrowser：新增本地存储（JSON/SQLite）保存 workspace 的快捷入口","(建议新增) src/core/Storage/*; docs/DESIGN.md","ZEN-050","能持久化 workspace 的快捷入口列表并在 UI 显示","","zen_browser_feature_impl_plan.csv"
"developed","Workspaces/Theme","ZEN-052","Feature","工作区主题与渐变生成","P2","M3","done","已实现(基础)","在 XBrowser：设计主题系统（全局+工作区覆盖），先实现 accent color + background gradient","ui/qml/components/Theme/* (待建)","ZEN-050","切换工作区时主题联动更新（至少颜色/背景）","","zen_browser_feature_impl_plan.csv"
